Date,PROD_C,PROD_D,MWS,PRECIP,HUM,PRES,CLCOVER,HI,DEWP,WINDT,SNOW,UVIND,SUNH,T_MEAN
2018-02-02,1227576,27247.0,14,0.7,93,1010,46.75,0,0,-8,0.5,2,9.9,-3.5
2018-02-03,1254823,27247.0,11,1.2,91,1010,59.25,0,0,-8,1.0,1,9.9,-4.0
2018-02-04,1275001,20178.0,5,0.0,86,1018,27.875,1,0,-6,0.0,2,10.0,-2.5
2018-02-05,1291910,16909.0,6,2.8,89,1019,80.875,2,0,-5,1.9,2,6.6,-1.0
2018-02-06,1307625,15715.0,6,1.1,90,1016,80.0,3,0,-3,0.6,1,6.7,-0.5
2018-02-07,1323829,16204.0,10,1.7,93,1015,82.125,0,0,-9,1.5,1,5.0,-4.0
2018-02-08,1325785,1956.0,9,0.6,96,1019,65.125,0,0,-7,0.5,1,8.3,-4.0
2018-02-09,1328869,3084.0,5,0.0,84,1019,11.75,3,0,-7,0.0,2,10.1,-3.0
2018-02-10,1362467,33598.0,12,2.0,95,1019,77.5,0,0,-9,1.7,1,5.1,-4.0
2018-02-11,1369449,6982.0,5,4.1,98,1018,70.25,2,1,-1,0.0,2,6.7,-1.0
2018-02-12,1377750,8301.0,15,2.1,93,1020,58.375,0,0,-11,1.7,1,10.0,-3.5
2018-02-13,1386937,9187.0,8,1.6,79,1020,34.5,0,0,-6,1.3,2,10.0,-5.0
2018-02-14,1418536,31599.0,5,2.3,88,1019,55.375,2,0,-6,1.9,1,10.6,-2.5
2018-02-15,1445711,27175.0,3,5.8,98,1024,86.875,4,3,2,0.0,1,6.9,1.5
2018-02-16,1448961,3250.0,5,0.6,97,1024,61.75,8,6,4,0.0,2,6.9,5.0
2018-02-17,1465465,16504.0,11,13.5,99,1022,83.625,4,4,1,0.0,2,5.4,4.0
2018-02-18,1466793,1328.0,12,0.4,94,1022,68.125,0,0,-5,0.1,1,8.5,-1.0
2018-02-19,1477741,10948.0,7,0.0,92,1021,12.375,2,0,-5,0.0,2,10.8,-2.0
2018-02-20,1501153,23412.0,15,0.0,87,1015,31.75,1,0,-8,0.0,2,10.8,-2.0
2018-02-21,1536845,35692.0,12,0.2,90,1013,33.5,0,0,-10,0.2,1,10.8,-4.0
2018-02-22,1542813,5968.0,10,0.3,91,1011,47.5,0,0,-9,0.2,2,8.5,-4.5
2018-02-23,1547376,4563.0,9,0.0,87,1010,47.75,0,0,-8,0.0,2,8.5,-4.0
2018-02-24,1553463,6087.0,7,0.0,86,1012,27.125,3,0,-6,0.0,2,10.9,-1.0
2018-02-25,1579611,26148.0,13,0.2,85,1015,32.375,0,0,-12,0.2,2,8.5,-3.0
2018-02-26,1585900,6289.0,14,0.1,72,1015,18.375,0,0,-18,0.0,2,11.0,-10.0
2018-02-27,1608644,22744.0,9,0.0,67,1015,25.375,0,0,-15,0.0,2,11.0,-12.5
2018-02-28,1640451,31807.0,10,2.1,78,1015,52.25,0,0,-11,1.8,2,7.0,-9.0
2018-03-01,1652654,12203.0,9,6.8,94,1007,67.0,4,2,-4,0.0,1,10.1,0.5
2018-03-02,1661964,9310.0,6,13.6,98,1000,51.0,3,1,-5,0.0,2,8.6,0.0
2018-03-03,1681116,19152.0,6,8.5,98,1003,60.0,4,3,-2,0.0,2,8.6,1.0
2018-03-04,1698019,16903.0,11,3.8,97,1004,37.75,7,4,1,0.0,2,10.1,2.0
2018-03-05,1725547,27528.0,5,5.6,95,1002,51.25,7,4,3,0.0,1,10.1,3.0
2018-03-06,1748456,22909.0,6,4.9,95,998,75.5,5,3,-1,0.0,1,8.6,2.5
2018-03-07,1750451,1995.0,8,1.5,86,1010,48.625,4,0,-1,0.0,1,11.3,0.5
2018-03-08,1750451,1995.0,13,0.0,81,1013,13.5,6,0,-2,0.0,2,11.3,1.5
2018-03-09,1750451,1995.0,13,0.0,83,1014,24.5,9,4,2,0.0,2,11.3,5.0
2018-03-10,1750451,1995.0,15,4.3,91,1012,56.625,11,7,3,0.0,2,10.2,7.0
2018-03-11,1750451,1995.0,10,3.5,90,1005,49.125,9,5,3,0.0,3,10.2,5.5
2018-03-12,1750451,1995.0,9,5.9,91,1010,68.25,7,4,1,0.0,2,7.3,4.0
2018-03-13,1750451,1995.0,7,2.4,92,1015,41.125,5,2,-1,0.0,2,10.2,1.5
2018-03-14,1750451,1995.0,9,0.0,72,1016,33.75,9,0,0,0.0,2,10.2,3.0
2018-03-15,1750451,1995.0,10,12.3,96,1005,63.5,4,2,0,0.0,2,7.4,2.5
2018-03-16,1750964,513.0,3,2.2,85,1005,39.375,9,3,3,0.0,2,10.2,3.0
2018-03-17,1781166,30202.0,7,8.8,98,1002,80.0,1,1,-2,0.0,1,7.4,0.0
2018-03-18,1787403,6237.0,11,0.6,96,1003,60.125,2,0,-4,0.2,2,7.4,-0.5
2018-03-19,1808780,21377.0,10,0.0,91,1006,45.125,3,0,-5,0.0,1,11.6,-1.0
2018-03-20,1859900,51120.0,17,0.4,81,1015,42.125,0,0,-8,0.3,2,8.8,-3.0
2018-03-21,1863642,3742.0,17,0.1,83,1024,40.5,1,0,-8,0.0,1,11.6,-3.5
2018-03-22,1880265,16623.0,17,0.0,78,1024,12.25,2,0,-7,0.0,2,11.6,-2.5
2018-03-23,1930746,50481.0,13,0.0,96,1013,48.625,4,0,-3,0.0,1,11.6,-0.5
2018-03-24,1979189,48443.0,5,0.1,86,1004,21.75,9,1,2,0.0,2,11.6,3.0
2018-03-25,2026875,47686.0,8,3.9,94,1010,47.75,6,3,2,0.0,1,11.6,3.0
2018-03-26,2055982,29107.0,14,0.7,96,1017,67.625,6,2,-1,0.0,1,8.9,3.0
2018-03-27,2081193,25211.0,6,4.5,93,1019,82.75,6,2,2,0.0,1,6.2,3.0
2018-03-28,2096535,15342.0,8,1.6,87,1015,72.75,9,6,5,0.0,2,10.3,5.5
2018-03-29,2112747,16212.0,5,2.5,90,1009,55.125,8,4,4,0.0,1,10.3,4.5
2018-03-30,2147118,34371.0,16,8.7,98,1008,59.5,7,4,3,0.0,2,7.7,4.0
2018-03-31,2161357,14239.0,9,4.9,90,1007,62.25,5,2,1,0.0,1,10.3,2.5
2018-04-01,2202188,40831.0,9,2.2,89,1017,55.25,4,2,-2,0.0,1,10.3,1.0
2018-04-02,2249316,47128.0,13,0.0,74,1016,73.25,10,4,3,0.0,2,7.7,5.5
2018-04-03,2270483,21167.0,12,0.1,82,1013,36.5,13,5,6,0.0,3,10.3,8.0
2018-04-04,2302023,31540.0,21,6.1,87,1014,46.375,10,6,4,0.0,3,10.3,7.5
2018-04-05,2319907,17884.0,10,0.0,87,1020,36.5,9,3,3,0.0,1,11.6,5.5
2018-04-06,2346130,26223.0,8,0.0,80,1019,4.625,15,6,8,0.0,3,11.6,8.0
2018-04-07,2398813,52683.0,8,0.5,78,1017,32.25,15,8,9,0.0,3,11.6,9.5
2018-04-08,2434512,35699.0,4,2.5,83,1012,41.625,14,9,9,0.0,2,10.3,10.5
2018-04-09,2464894,30382.0,8,3.3,92,1009,65.125,10,7,5,0.0,2,9.1,7.5
2018-04-10,2484912,20018.0,13,6.6,90,1008,36.5,8,3,1,0.0,2,10.3,5.0
2018-04-11,2536459,51547.0,5,0.1,87,1008,64.0,10,5,6,0.0,2,6.6,5.5
2018-04-12,2564085,27626.0,6,3.0,92,1006,71.375,8,4,4,0.0,2,8.0,5.5
2018-04-13,2589692,25607.0,9,0.0,80,1018,56.375,10,4,6,0.0,2,10.4,5.5
2018-04-14,2620058,30366.0,5,1.5,91,1020,67.75,12,7,8,0.0,2,9.2,8.5
2018-04-15,2650514,30456.0,8,1.4,92,1017,24.125,15,9,8,0.0,3,11.6,10.0
2018-04-16,2685121,34607.0,10,0.8,91,1018,72.5,11,8,8,0.0,2,8.0,8.0
2018-04-17,2713810,28689.0,9,0.0,83,1026,9.75,16,9,11,0.0,2,11.6,11.0
2018-04-18,2766148,52338.0,4,0.3,81,1028,12.375,19,11,14,0.0,4,11.6,14.5
2018-04-19,2817979,51831.0,5,0.0,72,1029,4.75,21,10,15,0.0,4,11.6,14.5
2018-04-20,2869990,52011.0,4,0.0,72,1026,4.75,24,11,16,0.0,4,11.6,15.0
2018-04-21,2921494,51504.0,5,0.1,74,1023,7.25,25,11,15,0.0,4,11.6,16.0
2018-04-22,2973043,51549.0,7,0.1,72,1020,9.375,20,11,15,0.0,4,11.6,16.0
2018-04-23,3023770,50727.0,8,0.3,81,1020,22.875,18,9,12,0.0,4,11.6,14.5
2018-04-24,3060049,36279.0,8,0.0,72,1020,4.75,19,9,14,0.0,4,11.6,13.5
2018-04-25,3112838,52789.0,9,0.0,83,1018,21.875,21,11,14,0.0,4,11.6,15.5
2018-04-26,3154313,41475.0,13,0.1,84,1019,47.625,13,9,7,0.0,2,11.6,9.5
2018-04-27,3209107,54794.0,13,0.8,79,1015,5.75,19,10,13,0.0,4,11.6,13.0
2018-04-28,3264032,54925.0,11,0.7,78,1014,23.125,17,9,13,0.0,4,11.6,13.0
2018-04-29,3296384,32352.0,18,9.7,93,1011,32.5,17,7,6,0.0,4,10.5,13.0
2018-04-30,3330542,34158.0,15,1.6,84,1013,45.625,10,4,5,0.0,3,10.5,7.5
2018-05-01,3353673,23131.0,8,3.7,90,1013,78.875,7,4,4,0.0,2,9.3,5.5
2018-05-02,3385546,31873.0,12,0.7,85,1013,67.25,11,5,5,0.0,2,10.5,7.0
2018-05-03,3402692,17146.0,14,0.8,93,1011,93.5,10,7,5,0.0,2,7.1,7.5
2018-05-04,3407491,4799.0,10,0.5,93,1014,53.875,14,10,10,0.0,2,10.5,10.5
2018-05-05,3429254,21763.0,8,1.1,92,1018,20.375,18,12,13,0.0,4,11.6,14.0
2018-05-06,3480038,50784.0,9,9.0,87,1018,11.75,19,13,15,0.0,4,11.6,15.5
2018-05-07,3530370,50332.0,6,7.6,89,1017,12.5,19,13,14,0.0,4,11.6,16.0
2018-05-08,3576898,46528.0,7,0.3,87,1013,19.25,18,11,12,0.0,3,11.6,14.5
2018-05-09,3612566,35668.0,11,1.4,91,1008,61.5,15,11,12,0.0,3,10.5,11.5
2018-05-10,3657701,45135.0,11,3.1,97,1017,96.25,9,9,6,0.0,2,7.2,8.5
2018-05-11,3667087,9386.0,6,1.7,89,1017,24.875,17,11,13,0.0,3,11.6,12.5
2018-05-12,3715920,48833.0,11,3.1,81,1017,35.375,17,12,13,0.0,3,11.6,13.5
2018-05-13,3763136,47216.0,8,24.9,100,1015,94.375,8,7,-2,0.0,1,7.2,4.5
2018-05-14,3769699,6563.0,8,3.6,96,1014,84.625,7,5,4,0.0,1,8.3,4.5
2018-05-15,3798860,29161.0,11,6.2,96,1015,93.5,8,8,5,0.0,2,9.3,6.5
2018-05-16,3821701,22841.0,11,1.0,89,1016,73.125,12,8,8,0.0,2,12.4,9.0
2018-05-17,3861652,39951.0,11,0.0,89,1018,38.375,13,8,9,0.0,2,13.5,9.5
2018-05-18,3903843,42191.0,9,0.6,90,1018,23.125,15,10,12,0.0,3,14.5,11.5
2018-05-19,3952961,49118.0,8,0.0,86,1018,15.25,16,10,12,0.0,4,14.5,12.5
2018-05-20,4007788,54827.0,7,2.0,89,1018,41.75,16,10,11,0.0,3,14.5,12.5
2018-05-21,4048182,40394.0,5,0.5,90,1016,35.0,17,11,12,0.0,4,14.5,13.5
2018-05-22,4097457,49275.0,5,7.9,93,1016,54.0,15,12,12,0.0,4,12.5,12.5
2018-05-23,4143975,46518.0,5,3.9,92,1019,40.375,14,12,12,0.0,3,15.1,11.5
2018-05-24,4167749,23774.0,5,0.2,81,1020,16.125,20,12,16,0.0,4,15.5,14.5
2018-05-25,4206575,38826.0,5,0.6,70,1018,10.875,25,12,18,0.0,5,15.5,17.5
2018-05-26,4251336,44761.0,8,0.1,71,1020,34.5,25,13,18,0.0,5,15.6,17.0
2018-05-27,4278762,27426.0,7,1.4,82,1020,45.375,25,12,15,0.0,4,15.6,18.5
2018-05-28,4304920,26158.0,5,8.6,92,1019,45.75,20,13,13,0.0,4,15.5,15.5
2018-05-29,4329566,24646.0,6,2.2,86,1018,25.75,19,13,15,0.0,3,15.6,15.0
2018-05-30,4367252,37686.0,5,4.0,93,1016,40.25,18,14,14,0.0,4,15.6,15.0
2018-05-31,4387917,20665.0,7,5.7,91,1020,29.125,16,12,13,0.0,4,15.6,14.0
2018-06-01,4424562,36645.0,7,0.9,85,1020,15.625,19,12,15,0.0,3,15.6,15.5
2018-06-02,4477046,52484.0,8,2.7,90,1020,16.125,20,14,16,0.0,3,15.7,16.5
2018-06-03,4523250,46204.0,6,5.2,94,1018,45.0,19,14,14,0.0,3,15.7,16.5
2018-06-04,4556975,33725.0,5,5.8,92,1015,56.125,16,14,14,0.0,3,14.6,13.5
2018-06-05,4588712,31737.0,6,9.1,94,1012,44.625,19,15,15,0.0,3,15.7,16.0
2018-06-06,4623743,35031.0,7,7.6,95,1016,38.25,18,14,14,0.0,3,15.7,14.5
2018-06-07,4649074,25331.0,6,9.6,95,1017,60.75,17,14,14,0.0,3,15.5,15.0
2018-06-08,4685317,36243.0,5,3.6,95,1015,36.75,18,15,15,0.0,3,15.7,15.0
2018-06-09,4732547,47230.0,6,2.1,82,1015,31.0,25,15,18,0.0,4,15.7,17.5
2018-06-10,4766418,33871.0,9,0.9,75,1015,14.125,25,14,19,0.0,5,15.7,18.5
2018-06-11,4808957,42539.0,5,6.5,95,1013,53.625,17,14,14,0.0,4,15.5,14.0
2018-06-12,4838839,29882.0,6,6.7,95,1011,71.25,16,14,13,0.0,3,14.6,14.0
2018-06-13,4866090,27251.0,14,5.9,99,1013,95.0,11,10,8,0.0,2,11.8,10.0
2018-06-14,4874652,8562.0,14,0.1,84,1015,66.625,16,10,10,0.0,3,15.5,11.5
2018-06-15,4920989,46337.0,10,0.1,84,1016,61.875,17,12,14,0.0,3,15.5,13.5
2018-06-16,4971276,50287.0,10,0.0,86,1017,30.625,20,14,16,0.0,3,15.8,16.0
2018-06-17,5020753,49477.0,10,0.3,92,1020,83.875,16,13,13,0.0,3,12.8,14.5
2018-06-18,5044408,23655.0,12,0.0,85,1022,65.875,17,13,14,0.0,3,15.5,14.0
2018-06-19,5085139,40731.0,10,0.0,82,1023,33.75,24,16,18,0.0,4,15.8,17.5
2018-06-20,5136981,51842.0,7,3.9,82,1022,12.25,25,17,20,0.0,5,15.8,20.0
2018-06-21,5190316,53335.0,10,0.0,80,1021,20.5,25,16,20,0.0,5,15.8,21.0
2018-06-22,5243914,53598.0,18,0.0,87,1021,46.75,18,13,11,0.0,3,15.8,14.0
2018-06-23,5300074,56160.0,13,0.0,71,1022,3.625,19,10,15,0.0,4,15.8,14.0
2018-06-24,5355776,55702.0,12,0.1,76,1020,44.625,19,11,15,0.0,3,15.5,15.5
2018-06-25,5410255,54479.0,12,0.0,74,1020,32.125,20,12,16,0.0,3,15.8,15.5
2018-06-26,5460552,50297.0,10,0.0,72,1020,8.0,21,13,18,0.0,5,15.8,16.5
2018-06-27,5515145,54593.0,13,0.0,68,1019,4.5,24,12,18,0.0,5,15.8,18.0
2018-06-28,5567012,51867.0,9,0.0,66,1015,3.125,21,13,17,0.0,5,15.8,17.0
2018-06-29,5621759,54747.0,6,0.3,72,1014,15.75,24,13,19,0.0,5,15.8,17.5
2018-06-30,5673378,51619.0,6,0.0,66,1014,6.875,27,16,22,0.0,5,15.8,21.5
2018-07-01,5725449,52071.0,8,0.0,67,1013,5.125,29,16,23,0.0,6,15.8,23.5
2018-07-02,5776709,51260.0,8,0.0,70,1015,7.25,26,15,21,0.0,6,15.7,22.0
2018-07-03,5828813,52104.0,8,3.2,81,1018,12.75,25,16,19,0.0,5,15.7,20.5
2018-07-04,5871230,42417.0,6,4.6,57,1018,12.375,26,13,21,0.0,5,15.7,21.0
2018-07-05,5919958,48728.0,9,3.5,89,1018,27.5,19,14,15,0.0,5,15.7,17.0
2018-07-06,5967501,47543.0,15,0.0,86,1020,55.625,18,13,13,0.0,3,15.7,15.0
2018-07-07,6006328,38827.0,12,0.0,70,1021,8.25,24,13,19,0.0,4,15.7,18.0
2018-07-08,6059602,53274.0,12,0.0,75,1020,17.875,25,15,19,0.0,5,15.7,19.0
2018-07-09,6112524,52922.0,12,0.0,75,1019,21.75,25,15,19,0.0,4,15.7,19.0
2018-07-10,6165729,53205.0,13,0.0,73,1018,23.5,24,13,18,0.0,4,15.3,18.5
2018-07-11,6220727,54998.0,13,0.0,77,1016,39.625,20,12,14,0.0,3,15.3,15.5
2018-07-12,6278235,57508.0,7,0.0,76,1019,14.0,21,13,18,0.0,4,14.5,16.5
2018-07-13,6328216,49981.0,7,0.0,64,1020,8.5,25,14,21,0.0,5,14.5,19.5
2018-07-14,6374357,46141.0,7,2.9,70,1020,13.125,26,15,21,0.0,5,14.5,22.0
2018-07-15,6398617,24260.0,8,3.4,67,1018,13.0,26,14,20,0.0,5,14.5,20.5
2018-07-16,6438868,40251.0,13,0.7,70,1016,10.625,24,13,18,0.0,5,14.5,18.0
2018-07-17,6480925,42057.0,13,0.4,70,1018,16.875,25,13,19,0.0,5,14.5,18.0
2018-07-18,6531663,50738.0,7,1.7,77,1018,8.375,26,15,20,0.0,5,14.5,20.0
2018-07-19,6580893,49230.0,7,0.2,65,1017,8.375,26,14,21,0.0,5,14.5,20.0
2018-07-20,6633078,52185.0,7,11.3,84,1016,25.25,26,14,17,0.0,5,13.5,21.0
2018-07-21,6663523,30445.0,12,3.0,83,1015,40.375,20,13,16,0.0,4,14.5,15.5
2018-07-22,6709914,46391.0,14,0.2,76,1015,34.375,21,12,17,0.0,4,14.5,16.5
2018-07-23,6746575,36661.0,13,0.0,67,1016,12.0,25,13,19,0.0,4,14.5,18.0
2018-07-24,6794280,47705.0,8,0.0,64,1016,9.625,26,13,20,0.0,5,14.5,21.0
2018-07-25,6845307,51027.0,10,0.2,71,1016,11.125,25,15,21,0.0,5,14.5,20.5
2018-07-26,6895602,50295.0,7,0.1,60,1015,3.875,27,14,22,0.0,6,14.5,22.0
2018-07-27,6947039,51437.0,6,0.9,56,1014,6.75,27,14,23,0.0,6,14.5,22.5
2018-07-28,6996164,49125.0,8,3.1,87,1016,19.875,25,17,18,0.0,5,14.5,20.0
2018-07-29,7029218,33054.0,6,0.0,59,1017,4.125,27,14,22,0.0,5,14.5,21.0
2018-07-30,7081052,51834.0,9,0.0,66,1018,5.0,27,15,22,0.0,6,14.5,22.0
2018-07-31,7131515,50463.0,9,0.0,66,1018,5.5,27,16,23,0.0,6,14.5,23.0
2018-08-01,7181051,49536.0,8,0.0,75,1019,6.375,27,17,22,0.0,6,14.5,22.5
2018-08-02,7229115,48064.0,10,0.0,66,1020,4.625,26,15,22,0.0,6,14.5,21.5
2018-08-03,7279377,50262.0,7,0.0,65,1020,4.25,28,16,23,0.0,6,14.5,23.0
2018-08-04,7329770,50393.0,13,0.2,68,1019,11.875,28,17,23,0.0,6,14.5,23.5
2018-08-05,7371535,41765.0,7,4.0,74,1018,10.375,27,17,22,0.0,6,11.6,22.5
2018-08-06,7407547,36012.0,9,7.3,76,1018,25.75,27,17,21,0.0,6,11.6,23.0
2018-08-07,7449331,41784.0,13,2.7,68,1017,13.0,27,16,22,0.0,6,11.6,22.0
2018-08-08,7490709,41378.0,11,0.1,74,1016,10.25,26,15,20,0.0,5,11.6,21.0
2018-08-09,7527057,36348.0,10,5.4,94,1022,31.875,24,15,15,0.0,5,10.5,15.5
2018-08-10,7532124,5067.0,8,0.1,70,1024,35.625,24,13,16,0.0,4,11.6,16.5
2018-08-11,7582282,50158.0,12,0.0,72,1024,4.5,21,11,16,0.0,4,11.6,16.5
2018-08-12,7633065,50783.0,10,0.0,62,1020,4.125,25,12,19,0.0,5,11.6,19.0
2018-08-13,7684621,51556.0,9,5.6,92,1016,37.375,21,15,15,0.0,5,11.6,17.5
2018-08-14,7698880,14259.0,14,0.2,90,1018,54.5,17,13,14,0.0,3,11.6,14.5
2018-08-15,7726651,27771.0,12,0.0,78,1019,28.75,25,13,17,0.0,4,11.6,16.5
2018-08-16,7775912,49261.0,6,0.0,70,1019,10.375,25,15,18,0.0,5,11.6,19.0
2018-08-17,7822869,46957.0,9,0.0,89,1019,25.0,21,15,16,0.0,5,11.6,17.5
2018-08-18,7857170,34301.0,10,4.4,88,1022,55.875,20,15,17,0.0,4,10.4,16.5
2018-08-19,7895472,38302.0,9,1.7,85,1022,24.875,25,16,18,0.0,4,11.6,18.0
2018-08-20,7941774,46302.0,11,2.3,80,1021,16.875,25,15,18,0.0,4,11.6,19.0
2018-08-21,7992299,50525.0,7,1.3,80,1019,20.375,25,16,19,0.0,5,11.6,19.5
2018-08-22,8042254,49955.0,5,5.5,71,1019,22.5,26,15,19,0.0,4,11.6,20.5
2018-08-23,8067429,25175.0,7,4.1,69,1019,14.75,26,14,18,0.0,5,11.6,19.5
2018-08-24,8112972,45543.0,12,2.4,90,1016,50.25,18,14,13,0.0,4,10.4,16.0
2018-08-25,8150059,37087.0,12,0.4,82,1015,44.875,13,9,8,0.0,3,8.1,10.5
2018-08-26,8175588,25529.0,12,0.0,66,1016,11.5,17,5,11,0.0,2,11.6,10.5
2018-08-27,8224140,48552.0,9,0.0,74,1019,5.375,24,11,16,0.0,4,11.6,16.0
2018-08-28,8274364,50224.0,5,0.0,67,1019,4.625,26,12,19,0.0,5,11.6,19.5
2018-08-29,8322593,48229.0,8,5.1,89,1020,20.875,24,15,16,0.0,5,11.6,18.0
2018-08-30,8353362,30769.0,10,0.1,90,1020,68.0,16,12,11,0.0,3,10.4,13.5
2018-08-31,8385014,31652.0,13,0.0,84,1019,55.0,16,10,10,0.0,3,11.6,13.0
2018-09-01,8422609,37595.0,17,0.0,82,1020,49.5,14,8,9,0.0,2,11.6,9.5
2018-09-02,8447148,24539.0,9,0.0,81,1020,16.5,18,9,12,0.0,4,11.6,12.5
2018-09-03,8492063,44915.0,8,0.0,85,1017,25.875,18,10,13,0.0,4,11.6,14.0
2018-09-04,8541745,49682.0,7,0.1,84,1016,21.125,20,12,14,0.0,4,11.6,15.5
2018-09-05,8590624,48879.0,6,1.1,72,1018,13.0,25,11,16,0.0,5,11.6,17.5
2018-09-06,8637086,46462.0,4,8.9,95,1016,50.375,18,13,12,0.0,4,7.8,14.0
2018-09-07,8651819,14733.0,12,0.1,89,1018,65.0,17,12,12,0.0,3,10.3,14.0
2018-09-08,8697490,45671.0,6,0.3,87,1022,10.125,24,12,14,0.0,4,11.6,15.5
2018-09-09,8745572,48082.0,5,0.0,80,1023,16.625,25,12,16,0.0,5,11.6,17.5
2018-09-10,8785693,40121.0,9,0.0,72,1025,6.0,24,12,16,0.0,5,11.6,17.5
2018-09-11,8831947,46254.0,5,0.0,70,1026,3.875,26,12,17,0.0,5,11.6,18.5
2018-09-12,8877738,45791.0,8,2.7,79,1026,16.25,25,13,17,0.0,5,11.6,19.5
2018-09-13,8914455,36717.0,10,0.3,85,1021,17.5,24,13,15,0.0,5,11.6,18.0
2018-09-14,8959730,45275.0,9,0.0,94,1021,47.75,17,13,13,0.0,3,8.9,14.5
2018-09-15,8984545,24815.0,9,0.0,87,1023,48.5,20,12,15,0.0,3,11.6,15.5
2018-09-16,9029882,45337.0,6,0.7,82,1023,27.0,21,13,16,0.0,5,11.6,17.0
2018-09-17,9060214,30332.0,7,0.0,78,1023,12.0,24,13,16,0.0,5,11.6,17.5
2018-09-18,9103235,43021.0,8,1.3,81,1021,11.375,25,13,16,0.0,5,11.6,17.5
2018-09-19,9145675,42440.0,9,0.1,72,1022,7.125,25,12,17,0.0,5,11.6,18.0
2018-09-20,9187743,42068.0,6,0.0,78,1022,6.5,25,13,17,0.0,5,11.6,18.0
2018-09-21,9230846,43103.0,10,0.1,77,1021,25.75,24,12,14,0.0,5,11.6,18.5
2018-09-22,9254844,23998.0,9,0.0,66,1023,41.375,18,9,13,0.0,3,11.6,13.0
2018-09-23,9297495,42651.0,8,2.5,80,1023,26.875,25,14,17,0.0,5,11.6,18.0
2018-09-24,9340087,42592.0,17,0.3,84,1028,40.375,13,12,5,0.0,2,11.6,9.5
2018-09-25,9368839,28752.0,9,0.0,81,1032,12.375,15,6,8,0.0,3,11.6,10.5
2018-09-26,9410566,41727.0,6,0.0,82,1035,8.5,20,9,12,0.0,4,11.6,13.0
2018-09-27,9454810,44244.0,5,0.0,71,1033,3.125,25,10,15,0.0,4,11.6,15.5
2018-09-28,9499143,44333.0,12,0.0,83,1024,3.875,20,10,12,0.0,4,11.6,14.5
2018-09-29,9540253,41110.0,7,0.0,91,1020,13.875,17,9,11,0.0,4,11.6,12.5
2018-09-30,9583404,43151.0,8,0.9,91,1021,14.75,17,9,10,0.0,4,11.6,11.5
2018-10-01,9599730,16326.0,18,1.2,93,1019,75.0,8,7,0,0.0,3,7.3,5.5
2018-10-02,9604860,5130.0,15,0.0,74,1024,23.75,10,2,3,0.0,3,11.6,6.0
2018-10-03,9652019,47159.0,17,0.0,93,1025,16.75,15,8,7,0.0,3,11.6,9.0
2018-10-04,9696125,44106.0,6,0.0,85,1024,9.875,18,9,11,0.0,4,11.6,12.0
2018-10-05,9737926,41801.0,6,0.0,72,1024,11.125,21,8,13,0.0,4,11.6,14.5
2018-10-06,9778752,40826.0,12,0.5,80,1020,31.0,16,8,10,0.0,4,11.6,13.0
2018-10-07,9807273,28521.0,6,8.4,97,1017,57.375,11,8,7,0.0,3,8.7,9.0
2018-10-08,9815176,7903.0,7,0.0,94,1021,18.75,17,10,11,0.0,4,11.6,11.5
2018-10-09,9849088,33912.0,5,0.0,80,1021,11.875,19,9,11,0.0,4,11.6,13.0
2018-10-10,9889151,40063.0,6,1.6,74,1021,38.75,17,8,11,0.0,4,8.7,11.5
2018-10-11,9909631,20480.0,9,10.1,86,1021,37.625,18,10,12,0.0,3,11.1,14.0
2018-10-12,9949877,40246.0,8,0.0,91,1025,10.125,19,11,13,0.0,4,11.1,14.0
2018-10-13,9983093,33216.0,8,0.0,85,1025,10.625,20,10,12,0.0,4,11.1,14.5
2018-10-14,10021725,38632.0,10,0.0,64,1019,30.875,19,7,13,0.0,4,11.0,13.5
2018-10-15,10047023,25298.0,6,0.7,77,1017,35.5,17,8,11,0.0,4,10.1,12.0
2018-10-16,10066025,19002.0,5,0.9,87,1020,45.875,16,9,11,0.0,4,11.0,12.0
2018-10-17,10094508,28483.0,8,0.1,87,1020,26.375,17,10,11,0.0,4,10.9,12.0
2018-10-18,10127418,32910.0,8,0.0,90,1017,32.75,17,9,10,0.0,3,10.9,12.5
2018-10-19,10161628,34210.0,6,0.0,92,1022,13.5,18,10,11,0.0,4,10.9,12.5
2018-10-20,10194634,33006.0,9,0.0,91,1025,5.75,16,9,9,0.0,4,10.9,11.0
2018-10-21,10226884,32250.0,11,0.0,77,1025,3.25,13,7,5,0.0,3,10.4,9.5
2018-10-22,10255102,28218.0,10,0.0,80,1026,3.375,11,6,4,0.0,3,10.4,7.0
2018-10-23,10276967,21865.0,12,0.0,79,1028,4.375,12,3,5,0.0,3,10.4,7.0
2018-10-24,10312164,35197.0,17,0.0,86,1025,5.75,13,6,6,0.0,3,10.3,8.5
2018-10-25,10347031,34867.0,7,0.0,90,1021,4.25,16,9,9,0.0,3,10.3,10.5
2018-10-26,10382332,35301.0,6,0.0,82,1017,9.875,16,7,9,0.0,3,10.3,10.5
2018-10-27,10409860,27528.0,9,18.9,97,1010,100.0,8,7,0,0.0,1,5.1,4.0
2018-10-28,10412659,2799.0,5,5.1,98,1001,81.875,6,4,3,0.0,1,8.4,3.0
2018-10-29,10422300,9641.0,10,19.7,98,1001,88.875,4,3,-3,0.0,1,5.1,3.5
2018-10-30,10423502,1202.0,12,4.0,95,1013,49.5,4,2,-4,2.5,1,10.2,0.5
2018-10-31,10450793,27291.0,9,2.3,87,1015,49.875,10,5,2,0.0,1,10.1,6.5
2018-11-01,10475720,24927.0,9,6.4,94,1020,66.125,7,5,4,0.0,1,10.0,5.5
2018-11-02,10493159,17439.0,12,1.1,97,1022,61.25,8,5,2,0.0,3,8.3,5.5
2018-11-03,10499661,6502.0,6,0.2,94,1023,23.25,10,7,3,0.0,2,10.0,6.0
2018-11-04,10517800,18139.0,5,0.0,86,1019,22.0,12,8,7,0.0,3,10.0,8.5
2018-11-05,10545201,27401.0,7,0.0,83,1011,16.875,15,8,6,0.0,3,10.0,8.5
2018-11-06,10567016,21815.0,8,6.3,97,1012,47.25,9,6,4,0.0,3,6.6,6.0
2018-11-07,10571396,4380.0,12,2.6,85,1018,44.0,10,5,5,0.0,3,8.3,6.5
2018-11-08,10578944,7548.0,6,6.2,93,1021,56.75,10,7,4,0.0,2,8.3,6.5
2018-11-09,10595333,16389.0,4,0.3,84,1018,20.875,13,6,6,0.0,3,9.9,8.0
2018-11-10,10609008,13675.0,16,0.4,85,1014,33.875,11,6,6,0.0,3,9.9,7.5
2018-11-11,10618097,9089.0,13,0.0,85,1019,23.5,13,7,6,0.0,3,9.8,10.0
2018-11-12,10633012,14915.0,13,0.0,86,1024,10.875,15,8,8,0.0,3,9.8,10.5
2018-11-13,10655096,22084.0,6,0.0,95,1030,27.5,13,9,7,0.0,3,9.8,10.0
2018-11-14,10667463,12367.0,4,0.0,87,1029,4.0,14,8,8,0.0,3,9.8,9.0
2018-11-15,10695359,27896.0,4,0.0,87,1026,6.625,13,7,7,0.0,3,9.7,8.5
2018-11-16,10722830,27471.0,5,0.0,89,1024,4.75,12,4,4,0.0,3,9.7,7.0
2018-11-17,10750590,27760.0,4,2.7,87,1024,23.0,6,2,2,0.0,2,9.7,4.5
2018-11-18,10755286,4696.0,5,0.0,76,1023,1.0,7,0,0,0.0,2,9.7,1.5
2018-11-19,10784584,29298.0,4,1.6,88,1014,41.375,1,0,-2,0.6,2,8.2,-1.0
2018-11-20,10789886,5302.0,8,2.2,85,1007,50.0,4,0,-2,0.0,1,9.6,1.0
2018-11-21,10796284,6398.0,5,9.4,94,1017,67.875,5,4,0,0.0,2,8.2,2.5
2018-11-22,10802629,6345.0,5,0.0,82,1021,17.0,8,2,1,0.0,2,9.6,3.5
2018-11-23,10829153,26524.0,8,15.5,94,1021,67.625,4,3,1,0.0,2,4.8,2.5
2018-11-24,10830963,1810.0,5,3.1,92,1015,42.5,7,4,1,0.0,1,9.5,4.5
2018-11-25,10858186,27223.0,7,3.5,92,1013,44.0,5,0,1,0.0,2,6.5,2.0
2018-11-26,10864899,6713.0,12,2.3,98,1010,64.375,2,0,-4,0.0,2,5.2,0.0
2018-11-27,10869734,4835.0,13,2.6,96,1021,75.125,1,0,-5,0.0,1,3.4,0.0
2018-11-28,10872637,2903.0,8,0.0,73,1024,14.5,5,0,0,0.0,2,8.7,1.5
2018-11-29,10900992,28355.0,11,0.0,66,1024,18.5,9,0,0,0.0,2,8.7,5.0
2018-11-30,10921578,20586.0,6,6.9,94,1021,87.5,4,2,0,0.0,2,3.4,2.5
2018-12-01,10922970,1392.0,6,0.1,84,1020,37.75,6,1,-1,0.0,1,8.7,2.5
2018-12-02,10942240,19270.0,10,16.0,96,1019,92.75,6,5,2,0.0,1,3.4,4.0
2018-12-03,10942983,743.0,6,7.3,96,1017,83.125,10,8,6,0.0,2,3.4,8.0
2018-12-04,10948579,5596.0,10,1.7,92,1025,37.875,7,5,1,0.0,1,8.7,5.5
2018-12-05,10962900,14321.0,6,0.0,69,1026,21.875,11,4,5,0.0,3,8.6,6.5
2018-12-06,10985382,22482.0,6,6.8,97,1026,66.625,6,5,3,0.0,2,2.1,5.5
2018-12-07,10989497,4115.0,9,3.7,93,1025,29.0,9,6,4,0.0,3,5.8,6.0
2018-12-08,11017245,27748.0,5,2.7,88,1024,76.125,3,2,0,0.0,1,4.0,1.5
2018-12-09,11020314,3069.0,11,9.8,97,1022,88.0,5,3,-1,0.0,1,2.1,3.5
2018-12-10,11022126,1812.0,13,6.1,98,1027,88.75,2,2,-3,0.0,1,2.1,1.5
2018-12-11,11024820,2694.0,11,0.0,89,1026,14.875,2,0,-4,0.0,1,5.8,-0.5
2018-12-12,11042042,17222.0,4,0.0,66,1023,16.75,1,0,-2,0.0,2,5.8,-2.0
2018-12-13,11057855,15813.0,6,0.3,76,1017,29.0,3,0,-2,0.0,2,5.8,-1.0
2018-12-14,11070629,12774.0,9,0.0,89,1021,15.5,0,0,-9,0.0,2,5.8,-3.0
2018-12-15,11091354,20725.0,5,1.5,71,1022,40.625,1,0,-4,0.0,2,4.0,-2.5
2018-12-16,11103031,11677.0,5,10.0,96,1018,85.25,3,2,0,0.0,1,4.0,2.5
2018-12-17,11104986,1955.0,9,2.4,97,1030,75.25,2,1,-6,0.0,1,4.0,1.0
2018-12-18,11115962,10976.0,9,0.0,75,1029,18.5,6,0,-4,0.0,2,5.8,1.0
2018-12-19,11138586,22624.0,7,11.1,98,1023,58.875,3,2,-1,0.0,2,2.1,2.5
2018-12-20,11139157,571.0,5,0.3,88,1027,46.375,4,0,0,0.0,2,5.8,1.0
2018-12-21,11150761,11604.0,11,14.7,96,1027,66.875,8,6,0,0.0,2,2.1,3.0
2018-12-22,11151369,608.0,5,3.4,91,1028,52.375,9,6,3,0.0,2,5.8,7.0
2018-12-23,11157569,6200.0,5,0.0,84,1028,28.625,9,5,4,0.0,2,5.8,5.0
2018-12-24,11171731,14162.0,14,0.5,98,1029,84.125,6,5,1,0.0,2,2.1,5.5
2018-12-25,11176358,4627.0,6,0.0,76,1033,1.0,5,2,-1,0.0,2,8.7,1.0
2018-12-26,11202304,25946.0,4,0.0,66,1033,29.375,6,0,-2,0.0,2,5.1,1.5
2018-12-27,11226972,24668.0,5,0.0,69,1030,10.875,7,0,-1,0.0,2,8.7,1.5
2018-12-28,11252034,25062.0,8,0.0,81,1029,19.375,3,0,-3,0.0,2,8.7,0.5
2018-12-29,11259889,7855.0,8,0.0,85,1033,14.625,3,0,-3,0.0,2,8.7,0.0
2018-12-30,11262373,2484.0,13,0.0,86,1034,5.0,3,0,-3,0.0,2,8.7,0.0
2018-12-31,11280812,18439.0,11,0.0,92,1033,11.875,3,0,-3,0.0,2,8.7,0.0
2019-01-01,11284042,3230.0,7,0.0,82,1032,17.75,8,3,3,0.0,3,8.7,5.5
2019-01-02,11286277,2235.0,16,0.0,71,1033,0.0,4,0,-5,0.0,2,8.7,2.5
2019-01-03,11313729,27452.0,12,0.0,63,1033,0.5,3,0,-4,0.0,2,8.7,0.0
2019-01-04,11342385,28656.0,8,0.0,62,1034,14.75,3,0,-3,0.0,2,8.7,0.0
2019-01-05,11364541,22156.0,13,0.0,82,1033,12.375,0,0,-7,0.0,2,8.7,-1.5
2019-01-06,11371511,6970.0,13,0.0,89,1031,23.75,3,0,-2,0.0,2,8.7,1.5
2019-01-07,11373980,2469.0,9,0.0,89,1032,19.625,3,0,-1,0.0,2,8.7,1.5
2019-01-08,11375659,1679.0,11,0.2,93,1032,58.375,5,2,0,0.0,2,3.4,2.5
2019-01-09,11378503,2844.0,15,7.3,90,1020,74.75,2,1,-5,5.8,1,3.4,0.5
2019-01-10,11383553,5050.0,12,1.2,77,1022,61.375,0,0,-5,0.7,1,6.9,-1.0
2019-01-11,11385152,1599.0,10,0.0,74,1027,17.0,0,0,-8,0.0,2,8.7,-3.0
2019-01-12,11407617,22465.0,11,0.0,89,1027,28.125,3,0,-3,0.0,2,8.7,0.5
2019-01-13,11413883,6266.0,10,4.1,93,1023,65.875,6,4,2,0.0,2,5.2,4.5
2019-01-14,11420115,6232.0,12,23.9,96,1021,75.75,6,4,0,0.0,2,5.2,5.5
2019-01-15,11426350,6235.0,8,0.0,71,1023,2.25,6,0,1,0.0,2,8.7,3.5
2019-01-16,11456296,29946.0,8,0.0,67,1022,5.875,9,0,4,0.0,3,8.7,6.0
2019-01-17,11487597,31301.0,7,6.1,94,1018,48.375,6,3,1,0.0,3,5.2,5.0
2019-01-18,11489609,2012.0,9,0.2,87,1018,41.125,2,0,-2,0.0,1,8.7,1.0
2019-01-19,11499281,9672.0,6,0.0,74,1018,22.25,6,0,1,0.0,2,8.7,2.5
2019-01-20,11529804,30523.0,5,0.0,74,1016,21.0,7,0,1,0.0,2,8.7,3.0
2019-01-21,11546351,16547.0,8,0.0,87,1019,36.25,3,0,-2,0.0,2,8.7,1.0
2019-01-22,11552610,6259.0,4,0.0,68,1018,25.625,3,0,0,0.0,2,8.7,0.5
2019-01-23,11573983,21373.0,9,9.6,94,1004,78.25,1,0,-7,8.1,2,3.5,0.0
2019-01-24,11575867,1884.0,13,1.7,81,1012,62.0,0,0,-7,1.4,1,7.0,-2.5
2019-01-25,11576730,863.0,14,0.1,65,1018,20.625,0,0,-8,0.1,1,8.7,-3.0
2019-01-26,11606203,29473.0,9,0.0,80,1019,32.75,7,2,0,0.0,2,8.7,2.5
2019-01-27,11639511,33308.0,12,16.4,91,1011,73.625,7,2,1,0.0,2,3.5,5.0
2019-01-28,11657457,17946.0,12,12.9,88,1009,70.0,1,0,-4,10.5,1,7.0,-0.5
2019-01-29,11674179,16722.0,10,0.9,81,1012,66.25,4,0,-2,0.5,1,5.2,0.5
2019-01-30,11683585,9406.0,7,13.1,91,1005,68.25,1,0,-3,11.1,1,8.2,1.0
2019-01-31,11704920,21335.0,10,2.8,78,1004,59.375,7,2,0,1.7,2,9.8,3.0
2019-02-01,11717089,12169.0,8,40.5,94,998,81.75,6,5,4,0.0,2,4.9,5.5
2019-02-02,11717681,592.0,8,16.2,96,1002,82.375,5,2,-1,3.7,1,4.9,3.5
2019-02-03,11722674,4993.0,15,20.5,94,1021,97.125,0,0,-5,17.4,1,5.0,0.0
2019-02-04,11727458,4784.0,5,0.4,83,1028,27.625,4,0,-3,0.3,1,9.9,0.0
2019-02-05,11758930,31472.0,6,0.0,79,1028,19.625,4,0,1,0.0,2,10.0,3.0
2019-02-06,11794599,35669.0,5,0.0,75,1028,4.375,8,1,3,0.0,3,10.0,5.0
2019-02-07,11830413,35814.0,6,0.5,91,1026,49.25,8,4,5,0.0,3,10.0,5.5
2019-02-08,11835168,4755.0,6,0.0,81,1024,33.625,11,5,5,0.0,2,10.1,6.0
2019-02-09,11857384,22216.0,7,0.0,75,1022,14.125,13,6,8,0.0,4,10.1,9.0
2019-02-10,11867467,10083.0,13,6.9,82,1020,66.75,10,4,5,0.0,3,5.1,8.0
2019-02-11,11871044,3577.0,9,16.3,90,1029,78.625,3,1,-2,9.3,1,5.1,1.5
2019-02-12,11877712,6668.0,12,0.0,72,1033,7.25,5,0,0,0.0,2,10.6,2.5
2019-02-13,11911398,33686.0,5,0.0,56,1036,4.0,11,0,6,0.0,3,10.6,6.5
2019-02-14,11950672,39274.0,5,0.0,53,1037,6.75,15,1,7,0.0,4,10.6,8.5
2019-02-15,11988737,38065.0,6,0.0,51,1034,2.0,19,4,10,0.0,4,10.7,11.5
2019-02-16,12027231,38494.0,6,0.0,58,1032,0.0,19,5,10,0.0,4,10.7,12.0
2019-02-17,12066204,38973.0,6,0.0,60,1030,0.625,17,4,9,0.0,4,10.7,10.5
2019-02-18,12105296,39092.0,7,0.0,57,1027,5.0,13,0,8,0.0,4,10.8,9.0
2019-02-19,12145190,39894.0,5,0.0,61,1025,7.0,12,2,7,0.0,3,10.8,8.0
2019-02-20,12184299,39109.0,6,0.0,65,1027,5.625,14,4,8,0.0,4,10.8,8.5
2019-02-21,12222293,37994.0,7,0.0,71,1030,3.625,13,4,9,0.0,4,10.8,9.0
2019-02-22,12260122,37829.0,13,0.0,73,1030,0.5,13,6,7,0.0,3,10.9,8.5
2019-02-23,12298220,38098.0,5,0.0,71,1031,2.0,16,7,10,0.0,4,10.9,11.0
2019-02-24,12335212,36992.0,6,0.0,71,1034,2.5,15,7,10,0.0,4,10.9,10.0
2019-02-25,12374087,38875.0,4,0.0,67,1034,2.375,18,7,10,0.0,4,11.0,11.5
2019-02-26,12411991,37904.0,5,0.0,53,1033,3.75,19,5,12,0.0,5,11.0,13.5
2019-02-27,12449999,38008.0,4,0.0,57,1029,0.25,19,7,13,0.0,5,11.0,13.0
2019-02-28,12489640,39641.0,10,0.0,68,1026,2.875,15,6,11,0.0,4,11.1,12.5
2019-03-01,12527647,38007.0,10,1.4,81,1023,41.75,10,5,6,0.0,3,8.6,8.0
2019-03-02,12536785,9138.0,7,6.6,88,1022,35.75,10,4,3,0.0,2,10.1,7.0
2019-03-03,12549608,12823.0,8,0.0,58,1023,14.625,14,1,9,0.0,4,11.2,9.0
2019-03-04,12583476,33868.0,12,7.7,70,1016,66.25,11,5,5,0.0,3,7.1,9.5
2019-03-05,12600958,17482.0,5,0.1,67,1017,25.125,12,1,7,0.0,2,11.2,7.0
2019-03-06,12644397,43439.0,15,0.0,61,1017,25.0,15,4,8,0.0,4,11.2,10.0
2019-03-07,12664774,20377.0,9,7.0,76,1014,61.0,11,6,8,0.0,4,7.1,9.5
2019-03-08,12697642,32868.0,6,0.0,71,1023,20.25,12,3,8,0.0,3,11.3,7.5
2019-03-09,12717546,19904.0,3,0.7,81,1025,52.625,12,8,8,0.0,3,7.1,8.0
2019-03-10,12729783,12237.0,7,3.0,85,1025,71.0,13,8,9,0.0,3,7.2,11.5
2019-03-11,12747121,17338.0,15,11.2,85,1031,75.5,7,5,-1,1.1,1,5.9,4.5
2019-03-12,12761284,14163.0,9,0.2,43,1032,24.5,14,0,6,0.0,2,11.6,7.0
2019-03-13,12800616,39332.0,9,11.2,76,1021,75.625,8,3,3,0.0,2,8.8,5.5
2019-03-14,12830720,30104.0,8,15.5,83,1023,87.125,7,4,3,0.2,2,5.9,4.5
2019-03-15,12841716,10996.0,10,39.4,95,1022,89.875,10,8,7,0.0,2,6.0,8.0
2019-03-16,12852091,10375.0,7,0.1,74,1023,21.75,20,7,9,0.0,3,11.6,11.0
2019-03-17,12900255,48164.0,10,4.3,82,1016,30.5,17,6,11,0.0,4,10.2,13.0
2019-03-18,12935169,34914.0,16,3.3,82,1022,62.0,6,1,0,0.6,1,7.4,3.5
2019-03-19,12959964,24795.0,13,0.0,64,1027,8.875,7,0,1,0.0,2,11.6,4.0
2019-03-20,12996054,36090.0,9,0.0,61,1031,3.75,10,0,5,0.0,3,11.6,5.5
2019-03-21,13045390,49336.0,8,0.0,64,1032,0.75,15,5,10,0.0,4,11.6,9.5
2019-03-22,13094670,49280.0,7,0.0,54,1032,6.625,19,4,12,0.0,4,11.6,12.0
2019-03-23,13143273,48603.0,8,0.0,65,1029,22.125,18,8,12,0.0,4,11.6,12.0
2019-03-24,13191359,48086.0,8,0.0,71,1026,2.0,19,9,15,0.0,5,11.6,14.0
2019-03-25,13239400,48041.0,17,0.4,84,1023,43.375,10,7,5,0.0,3,10.2,7.0
2019-03-26,13269323,29923.0,15,0.0,63,1026,7.875,9,0,1,0.0,3,11.6,4.5
2019-03-27,13318586,49263.0,10,0.0,64,1028,5.625,11,0,5,0.0,3,11.6,6.5
2019-03-28,13368331,49745.0,8,0.0,70,1030,12.625,11,2,7,0.0,3,11.6,7.5
2019-03-29,13416502,48171.0,6,0.0,58,1032,12.375,14,2,11,0.0,4,11.6,10.0
2019-03-30,13466005,49503.0,5,0.0,55,1030,7.625,17,4,12,0.0,4,11.6,11.0
2019-03-31,13515986,49981.0,6,0.0,59,1024,5.75,18,6,13,0.0,5,11.6,12.5
2019-04-01,13564975,48989.0,6,0.1,60,1018,16.625,19,7,14,0.0,5,11.6,14.0
2019-04-02,13602734,37759.0,12,0.1,52,1017,41.375,18,4,13,0.0,4,10.3,13.0
2019-04-03,13632222,29488.0,10,31.0,92,1011,62.25,11,5,4,0.0,2,7.7,9.0
2019-04-04,13636598,4376.0,6,29.5,95,1004,69.875,4,3,1,17.3,1,7.8,2.0
2019-04-05,13671606,35008.0,6,0.0,66,1006,12.375,10,2,6,0.0,3,11.6,5.0
2019-04-06,13720998,49392.0,6,6.2,89,1005,53.5,10,4,1,0.0,3,9.1,6.0
2019-04-07,13742464,21466.0,5,13.8,86,1010,94.0,8,5,4,0.0,2,6.5,6.5
2019-04-08,13767958,25494.0,6,0.3,78,1012,52.875,8,4,6,0.0,2,7.8,6.0
2019-04-09,13788529,20571.0,6,1.7,75,1012,32.0,11,5,7,0.0,3,9.1,8.0
2019-04-10,13834496,45967.0,9,1.3,87,1009,65.375,11,7,7,0.0,2,7.8,8.5
2019-04-11,13863322,28826.0,12,1.7,90,1013,83.625,7,7,3,0.0,2,6.6,6.5
2019-04-12,13874026,10704.0,12,0.2,86,1016,61.0,11,5,5,0.0,2,8.0,7.0
2019-04-13,13912101,38075.0,9,0.0,76,1018,21.125,10,3,6,0.0,2,11.6,6.5
2019-04-14,13964934,52833.0,12,0.0,60,1019,5.5,10,2,3,0.0,3,11.6,5.5
2019-04-15,14020239,55305.0,8,0.0,59,1021,5.125,17,5,12,0.0,4,11.6,11.0
2019-04-16,14070069,49830.0,7,0.4,74,1021,53.75,11,5,7,0.0,4,8.0,9.5
2019-04-17,14089765,19696.0,5,0.0,62,1022,11.5,17,8,14,0.0,5,11.6,12.5
2019-04-18,14141438,51673.0,5,0.0,68,1023,15.5,20,8,14,0.0,5,11.6,15.5
2019-04-19,14188345,46907.0,5,2.5,70,1028,33.75,20,10,17,0.0,5,10.4,15.5
2019-04-20,14236379,48034.0,6,0.9,54,1029,22.625,23,8,17,0.0,4,11.6,16.5
2019-04-21,14284777,48398.0,5,0.0,61,1024,34.75,17,7,15,0.0,4,10.4,13.5
2019-04-22,14312707,27930.0,6,0.2,53,1015,35.75,22,5,17,0.0,5,11.6,16.0
2019-04-23,14348767,36060.0,5,1.7,78,1002,45.125,16,8,12,0.0,4,10.4,14.0
2019-04-24,14381768,33001.0,16,11.4,84,1012,42.625,12,8,6,0.0,4,9.3,10.0
2019-04-25,14406816,25048.0,19,1.0,57,1013,23.875,16,4,12,0.0,4,11.6,12.5
2019-04-26,14448553,41737.0,8,28.4,78,1020,73.75,12,7,9,0.0,3,9.3,9.0
2019-04-27,14485600,37047.0,7,2.0,79,1022,64.75,12,7,10,0.0,4,9.3,8.5
2019-04-28,14516175,30575.0,11,2.2,77,1023,53.875,10,5,5,0.0,2,8.2,7.5
2019-04-29,14536391,20216.0,13,0.1,71,1021,39.125,9,3,5,0.0,3,10.5,6.0
2019-04-30,14562174,25783.0,11,0.1,73,1020,23.625,12,5,9,0.0,4,10.5,8.5
2019-05-01,14603047,40873.0,6,0.0,67,1016,9.75,17,9,15,0.0,4,11.6,13.0
2019-05-02,14658395,55348.0,7,9.6,83,1015,63.25,13,10,11,0.0,4,7.1,12.0
2019-05-03,14677606,19211.0,9,0.6,84,1013,61.125,10,8,7,0.0,3,7.1,8.0
2019-05-04,14705568,27962.0,9,2.2,84,1010,68.0,10,6,7,0.0,2,10.5,7.5
2019-05-05,14731582,26014.0,21,3.2,80,1015,73.125,6,1,-3,1.2,1,8.3,2.5
2019-05-06,14742666,11084.0,14,0.0,58,1020,10.75,12,2,3,0.0,3,11.6,6.5
2019-05-07,14792246,49580.0,6,0.0,52,1021,24.375,19,5,13,0.0,5,11.6,12.5
2019-05-08,14841239,48993.0,12,18.1,89,1016,70.875,12,10,10,0.0,4,7.2,10.0
2019-05-09,14849540,8301.0,10,2.1,73,1011,60.625,12,8,11,0.0,3,8.3,10.5
2019-05-10,14872533,22993.0,6,0.0,60,1014,14.5,19,10,16,0.0,5,11.6,14.0
2019-05-11,14915952,43419.0,10,9.0,87,1019,71.875,14,11,9,0.0,4,7.2,13.0
2019-05-12,14941151,25199.0,24,0.9,83,1024,52.25,14,7,5,0.0,3,9.4,8.5
2019-05-13,14977737,36586.0,12,0.0,64,1025,5.0,15,7,9,0.0,4,11.6,9.5
2019-05-14,15020433,42696.0,13,0.0,63,1023,6.75,17,6,12,0.0,4,11.6,12.0
2019-05-15,15076324,55891.0,11,0.0,56,1018,5.5,13,3,10,0.0,4,14.5,9.0
2019-05-16,15132550,56226.0,6,0.0,66,1016,10.5,16,8,14,0.0,4,14.5,12.5
2019-05-17,15187341,54791.0,5,13.7,96,1010,66.75,13,9,3,0.0,4,9.4,11.0
2019-05-18,15197071,9730.0,6,8.2,90,1008,82.375,16,11,13,0.0,3,9.4,12.5
2019-05-19,15230978,33907.0,7,6.1,97,1007,95.875,10,10,9,0.0,2,9.4,9.5
2019-05-20,15242361,11383.0,8,15.5,98,1011,95.5,10,10,8,0.0,2,9.4,10.0
2019-05-21,15253411,11050.0,14,1.2,90,1015,84.25,12,9,10,0.0,3,10.4,10.5
2019-05-22,15292032,38621.0,12,0.0,72,1018,28.0,15,9,12,0.0,4,14.5,12.5
2019-05-23,15341092,49060.0,7,0.0,67,1019,8.375,18,11,16,0.0,5,15.1,15.5
2019-05-24,15396289,55197.0,8,0.6,74,1016,32.0,21,13,18,0.0,5,15.5,17.5
2019-05-25,15448235,51946.0,9,2.9,85,1016,57.75,15,12,12,0.0,3,13.6,14.0
2019-05-26,15475984,27749.0,12,0.2,78,1016,46.875,14,10,12,0.0,3,15.5,12.5
2019-05-27,15502909,26925.0,9,0.6,88,1015,67.0,16,12,14,0.0,3,12.6,13.5
2019-05-28,15549714,46805.0,11,8.8,98,1012,90.125,13,12,10,0.0,3,11.7,12.0
2019-05-29,15568757,19043.0,14,1.1,81,1021,70.25,14,8,8,0.0,3,12.7,9.5
2019-05-30,15598717,29960.0,13,0.0,63,1025,13.0,15,7,13,0.0,3,15.6,12.5
2019-05-31,15649457,50740.0,8,0.0,63,1026,8.375,19,10,17,0.0,5,15.6,16.5
2019-06-01,15704328,54871.0,6,0.1,66,1024,19.875,25,13,19,0.0,6,15.6,19.5
2019-06-02,15758321,53993.0,6,0.0,58,1021,4.375,25,15,21,0.0,6,15.7,21.5
2019-06-03,15812093,53772.0,8,1.9,73,1018,30.625,26,14,19,0.0,6,15.5,22.0
2019-06-04,15857203,45110.0,14,0.4,50,1016,16.875,26,13,24,0.0,6,15.7,23.0
2019-06-05,15907887,50684.0,18,0.0,41,1012,6.625,24,9,21,0.0,6,15.7,21.5
2019-06-06,15957329,49442.0,6,0.2,71,1014,53.125,17,9,13,0.0,4,15.5,13.0
2019-06-07,16003342,46013.0,21,0.1,63,1020,18.875,23,10,18,0.0,6,15.7,19.0
2019-06-08,16044275,40933.0,8,0.0,52,1024,14.875,24,9,18,0.0,4,15.7,17.5
2019-06-09,16100885,56610.0,6,3.7,81,1024,47.25,22,14,17,0.0,5,14.6,16.5
2019-06-10,16121087,20202.0,8,28.3,97,1017,85.375,17,15,9,0.0,4,11.8,14.5
2019-06-11,16128393,7306.0,5,10.2,95,1012,85.5,14,13,13,0.0,3,11.8,12.0
2019-06-12,16135968,7575.0,8,17.6,69,1014,56.375,17,10,15,0.0,4,15.8,13.5
2019-06-13,16192395,56427.0,11,0.0,50,1016,7.75,22,7,19,0.0,5,15.8,17.5
2019-06-14,16248897,56502.0,9,2.0,80,1017,49.625,25,14,18,0.0,6,15.5,19.5
2019-06-15,16281050,32153.0,8,12.9,92,1018,75.0,24,18,18,0.0,5,13.7,19.5
2019-06-16,16308757,27707.0,12,0.1,86,1020,53.75,19,12,15,0.0,4,15.5,15.0
2019-06-17,16358812,50055.0,7,4.1,86,1019,18.375,25,19,21,0.0,6,15.8,19.5
2019-06-18,16413290,54478.0,9,0.0,60,1017,15.125,27,16,23,0.0,6,15.8,22.0
2019-06-19,16451959,38669.0,10,0.0,59,1015,4.625,27,15,24,0.0,7,15.8,22.5
2019-06-20,16505486,53527.0,7,2.6,86,1015,43.875,25,17,20,0.0,6,13.7,20.0
2019-06-21,16539400,33914.0,6,17.3,90,1016,79.25,22,17,18,0.0,4,11.8,18.5
2019-06-22,16565775,26375.0,7,10.9,84,1016,55.0,25,18,18,0.0,4,15.5,18.0
2019-06-23,16607598,41823.0,6,0.0,65,1017,11.875,28,18,24,0.0,6,15.8,22.5
2019-06-24,16654851,47253.0,6,0.0,63,1019,6.625,34,21,27,0.0,7,15.8,26.0
2019-06-25,16703934,49083.0,6,0.0,62,1023,12.625,35,21,29,0.0,8,15.8,27.5
2019-06-26,16752516,48582.0,6,0.0,57,1025,3.375,37,22,31,0.0,8,15.8,29.5
2019-06-27,16802720,50204.0,9,0.0,57,1025,1.25,38,24,31,0.0,8,15.8,30.5
2019-06-28,16852783,50063.0,12,0.0,60,1020,0.25,33,20,29,0.0,8,15.8,28.5
2019-06-29,16902582,49799.0,9,0.8,59,1019,18.625,32,19,26,0.0,7,15.8,27.5
2019-06-30,16953906,51324.0,6,2.4,62,1020,44.625,32,19,26,0.0,6,15.5,27.0
2019-07-01,17004264,50358.0,8,8.6,67,1020,43.625,31,19,25,0.0,6,14.6,25.5
2019-07-02,17053002,48738.0,9,10.8,85,1019,65.125,25,19,21,0.0,5,14.6,21.0
2019-07-03,17101851,48849.0,9,8.6,77,1018,69.375,29,20,23,0.0,6,13.7,24.0
2019-07-04,17150750,48899.0,8,0.9,70,1019,37.25,29,18,25,0.0,6,15.7,24.0
2019-07-05,17202786,52036.0,6,0.0,56,1020,2.375,28,17,25,0.0,7,15.7,24.5
2019-07-06,17254046,51260.0,7,0.5,52,1017,11.375,30,16,28,0.0,7,15.7,26.0
2019-07-07,17298474,44428.0,8,9.3,83,1015,51.25,28,20,23,0.0,6,15.5,23.0
2019-07-08,17343440,44966.0,9,0.4,63,1015,16.125,28,17,24,0.0,5,15.7,23.5
2019-07-09,17393499,50059.0,5,19.9,92,1014,74.5,22,18,17,0.0,4,12.7,18.5
2019-07-10,17430255,36756.0,12,0.8,90,1016,45.25,19,14,16,0.0,4,15.5,16.5
2019-07-11,17484407,54152.0,6,0.0,64,1016,27.625,26,16,22,0.0,6,15.3,21.0
2019-07-12,17513144,28737.0,10,0.0,63,1015,14.125,25,15,22,0.0,6,14.5,20.5
2019-07-13,17564471,51327.0,15,0.1,70,1016,34.625,22,15,17,0.0,5,14.5,18.0
2019-07-14,17620301,55830.0,10,0.1,67,1015,18.375,22,13,17,0.0,5,13.5,18.5
2019-07-15,17671010,50709.0,12,1.1,96,1015,73.625,23,13,12,0.0,4,11.5,15.0
2019-07-16,17698346,27336.0,7,0.0,73,1016,25.875,25,15,19,0.0,6,14.5,19.0
2019-07-17,17749324,50978.0,9,0.0,64,1016,8.5,25,15,19,0.0,6,14.5,20.5
2019-07-18,17801646,52322.0,12,0.0,63,1015,12.125,24,12,18,0.0,6,14.5,20.0
2019-07-19,17848854,47208.0,7,0.0,65,1018,14.375,25,15,22,0.0,6,14.5,20.0
2019-07-20,17900681,51827.0,10,0.1,53,1020,15.0,26,15,23,0.0,6,14.5,22.0
2019-07-21,17937096,36415.0,8,0.3,62,1022,34.5,27,16,23,0.0,5,14.5,23.0
2019-07-22,17987572,50476.0,9,0.1,64,1024,11.125,32,20,27,0.0,6,14.5,26.0
2019-07-23,18035484,47912.0,5,0.0,50,1023,4.125,32,18,26,0.0,7,14.5,27.0
2019-07-24,18081726,46242.0,7,0.0,52,1019,9.75,32,18,29,0.0,7,14.5,27.0
2019-07-25,18119618,37892.0,7,0.9,55,1018,28.5,31,19,26,0.0,7,13.5,26.5
2019-07-26,18168772,49154.0,9,2.0,54,1017,43.625,29,18,26,0.0,6,14.5,25.0
2019-07-27,18215507,46735.0,6,32.0,89,1009,76.0,23,19,18,0.0,4,9.3,19.0
2019-07-28,18229595,14088.0,9,72.9,99,1010,95.75,16,15,7,0.0,3,9.3,13.0
2019-07-29,18239768,10173.0,8,0.0,77,1012,45.75,25,17,18,0.0,5,14.5,17.0
2019-07-30,18286176,46408.0,9,0.1,75,1016,15.875,23,16,19,0.0,5,14.5,20.0
2019-07-31,18335230,49054.0,9,0.0,83,1018,50.0,17,13,16,0.0,4,13.5,15.5
2019-08-01,18389328,54098.0,8,0.1,73,1018,20.5,25,15,20,0.0,6,13.5,19.0
2019-08-02,18430202,40874.0,12,3.0,76,1016,50.875,22,16,18,0.0,4,12.4,19.0
2019-08-03,18480580,50378.0,11,0.0,64,1016,6.5,25,13,21,0.0,6,14.5,20.5
2019-08-04,18532382,51802.0,6,0.0,55,1016,6.875,26,13,22,0.0,6,14.5,21.5
2019-08-05,18583736,51354.0,5,0.2,63,1017,16.625,28,18,25,0.0,7,14.5,23.5
2019-08-06,18624604,40868.0,14,0.3,62,1016,29.375,30,17,25,0.0,6,11.6,24.5
2019-08-07,18664400,39796.0,8,16.7,93,1013,68.875,23,16,11,0.0,4,7.1,18.0
2019-08-08,18692987,28587.0,7,0.0,65,1014,9.125,26,16,21,0.0,6,11.6,21.0
2019-08-09,18743378,50391.0,13,0.0,56,1015,14.375,28,16,26,0.0,7,11.6,25.0
2019-08-10,18791670,48292.0,8,0.8,88,1018,59.625,25,18,19,0.0,6,7.1,20.5
2019-08-11,18832009,40339.0,9,9.3,96,1019,52.875,28,19,16,0.0,6,8.2,23.0
2019-08-12,18865593,33584.0,6,15.5,98,1018,83.375,16,16,14,0.0,4,7.1,16.0
2019-08-13,18894882,29289.0,9,0.2,80,1019,81.0,15,12,12,0.0,3,7.1,13.5
2019-08-14,18940718,45836.0,10,0.0,69,1019,19.875,18,11,16,0.0,4,11.6,15.0
2019-08-15,18993500,52782.0,9,0.1,68,1019,43.5,22,10,16,0.0,5,11.6,17.5
2019-08-16,19038309,44809.0,5,0.0,70,1020,24.625,23,13,18,0.0,4,11.6,17.0
2019-08-17,19085712,47403.0,5,0.0,49,1018,27.375,26,11,24,0.0,6,11.6,22.0
2019-08-18,19129205,43493.0,15,0.7,55,1016,11.625,27,13,24,0.0,7,11.6,23.0
2019-08-19,19177848,48643.0,9,8.5,90,1019,66.25,25,17,16,0.0,5,9.3,20.0
2019-08-20,19212773,34925.0,7,18.1,99,1023,96.125,17,17,8,0.0,3,7.0,14.5
2019-08-21,19215835,3062.0,10,0.4,87,1023,57.0,17,13,15,0.0,4,11.6,14.0
2019-08-22,19235779,19944.0,8,1.2,79,1022,42.125,22,15,17,0.0,5,9.3,18.0
2019-08-23,19273877,38098.0,8,0.8,72,1023,22.0,25,15,20,0.0,5,10.4,20.0
2019-08-24,19323147,49270.0,6,0.0,63,1021,4.375,25,15,22,0.0,6,11.6,21.5
2019-08-25,19373575,50428.0,8,0.0,53,1020,2.75,26,10,22,0.0,6,11.6,21.5
2019-08-26,19423722,50147.0,6,0.0,54,1020,2.125,27,14,23,0.0,6,11.6,22.5
2019-08-27,19472384,48662.0,5,3.4,61,1020,28.125,27,17,24,0.0,6,10.4,22.5
2019-08-28,19500622,28238.0,4,23.7,84,1019,74.125,23,19,18,0.0,5,6.8,20.0
2019-08-29,19527340,26718.0,9,2.0,80,1021,38.0,25,16,19,0.0,5,10.4,20.0
2019-08-30,19573901,46561.0,8,3.4,77,1022,51.625,26,18,22,0.0,5,9.2,21.5
2019-08-31,19621185,47284.0,5,0.8,62,1020,39.5,30,16,24,0.0,6,11.6,23.5
2019-09-01,19660986,39801.0,9,6.2,85,1016,62.625,22,16,17,0.0,6,9.2,19.5
2019-09-02,19684188,23202.0,9,0.0,88,1020,86.5,17,14,15,0.0,4,6.6,14.5
2019-09-03,19704819,20631.0,9,0.0,82,1022,38.75,18,13,16,0.0,4,11.6,15.0
2019-09-04,19747062,42243.0,8,0.0,64,1022,1.75,25,14,20,0.0,6,11.6,20.5
2019-09-05,19794959,47897.0,11,0.1,89,1018,45.25,15,12,11,0.0,4,9.1,13.0
2019-09-06,19805656,10697.0,10,0.0,88,1020,77.0,11,9,8,0.0,3,6.5,9.5
2019-09-07,19814520,8864.0,12,0.0,73,1020,39.125,15,9,13,0.0,4,11.6,12.5
2019-09-08,19862957,48437.0,9,4.0,91,1019,67.5,12,9,8,0.0,4,7.8,10.5
2019-09-09,19877220,14263.0,7,0.0,77,1018,22.5,14,7,12,0.0,3,11.6,10.0
2019-09-10,19911575,34355.0,7,2.1,88,1018,59.25,17,11,13,0.0,4,8.9,13.5
2019-09-11,19927655,16080.0,9,0.0,79,1026,16.0,18,9,14,0.0,5,11.6,14.5
2019-09-12,19970460,42805.0,7,0.0,68,1031,3.375,24,13,18,0.0,5,11.6,17.5
2019-09-13,20016981,46521.0,7,0.0,69,1031,3.5,28,16,23,0.0,6,11.6,22.0
2019-09-14,20062761,45780.0,7,0.0,71,1030,14.375,29,17,23,0.0,6,11.6,22.5
2019-09-15,20102355,39594.0,5,0.1,63,1027,15.875,30,16,24,0.0,7,11.6,23.5
2019-09-16,20144466,42111.0,7,0.6,66,1024,52.5,27,16,22,0.0,6,8.9,0.0
2019-09-17,20186537,42071.0,9,0.0,64,1019,9.375,27,16,23,0.0,5,11.6,22.5
2019-09-18,20230188,43651.0,9,0.2,80,1018,38.625,25,14,18,0.0,5,8.9,17.5
2019-09-19,20271591,41403.0,9,0.0,81,1022,29.25,21,12,15,0.0,4,11.6,15.0
2019-09-20,20310742,39151.0,5,0.5,73,1023,39.25,25,13,18,0.0,5,10.2,17.5
2019-09-21,20350733,39991.0,7,1.1,78,1021,41.875,24,13,16,0.0,5,10.2,18.0
2019-09-22,20378900,28167.0,5,23.8,90,1017,57.875,23,13,15,0.0,4,7.4,19.0
2019-09-23,20395660,16760.0,10,35.3,89,1017,67.375,15,12,12,0.0,3,8.8,12.5
2019-09-24,20439152,43492.0,7,1.5,89,1018,46.125,16,14,11,0.0,4,8.8,12.0
2019-09-25,20447793,8641.0,5,3.1,84,1014,67.25,16,13,10,0.0,3,7.4,14.0
2019-09-26,20470912,23119.0,6,10.6,91,1018,52.875,17,15,16,0.0,5,10.2,15.0
2019-09-27,20508612,37700.0,6,0.0,69,1019,12.125,22,13,17,0.0,4,11.6,17.5
2019-09-28,20549858,41246.0,6,0.2,68,1020,22.75,17,11,13,0.0,5,11.6,14.5
2019-09-29,20595091,45233.0,9,0.0,46,1019,4.125,23,5,18,0.0,5,11.6,17.0
2019-09-30,20638755,43664.0,9,0.0,78,1016,19.75,18,13,14,0.0,5,10.2,15.5
2019-10-01,20680950,42195.0,8,3.3,48,1014,19.5,24,14,19,0.0,5,11.6,17.5
2019-10-02,20718217,37267.0,12,17.1,90,1014,69.5,14,13,12,0.0,3,10.2,12.5
2019-10-03,20733744,15527.0,10,0.1,88,1017,58.375,14,8,7,0.0,3,11.6,10.0
2019-10-04,20776363,42619.0,5,0.0,53,1017,40.75,17,9,12,0.0,4,10.2,11.0
2019-10-05,20787338,10975.0,11,0.7,85,1015,71.625,15,10,11,0.0,3,7.3,12.0
2019-10-06,20818808,31470.0,7,4.2,81,1016,59.25,17,11,13,0.0,3,10.2,13.0
2019-10-07,20839960,21152.0,13,11.2,88,1019,63.5,14,9,8,0.0,3,10.2,10.5
2019-10-08,20875156,35196.0,4,0.0,58,1020,18.25,24,11,13,0.0,4,11.6,14.5
2019-10-09,20915667,40511.0,5,29.2,97,1019,71.0,17,13,13,0.0,4,5.8,13.5
2019-10-10,20927989,12322.0,10,0.2,85,1022,27.75,16,9,11,0.0,3,11.6,11.5
2019-10-11,20966416,38427.0,8,0.0,49,1023,0.0,19,8,15,0.0,5,11.5,14.0
2019-10-12,21006573,40157.0,12,0.0,65,1022,34.875,19,11,15,0.0,5,5.7,14.5
2019-10-13,21027773,21200.0,10,0.0,64,1021,16.0,25,13,18,0.0,6,8.7,18.0
2019-10-14,21065905,38132.0,10,0.0,61,1020,7.125,25,11,18,0.0,6,8.7,18.5
2019-10-15,21101405,35500.0,7,75.8,98,1017,69.5,15,12,11,0.0,4,4.1,12.0
2019-10-16,21106739,5334.0,4,0.0,77,1018,7.25,19,8,11,0.0,3,8.7,12.0
2019-10-17,21144919,38180.0,10,1.6,68,1018,51.75,16,8,13,0.0,4,7.2,13.0
2019-10-18,21161948,17029.0,9,8.2,80,1017,62.625,15,11,12,0.0,3,7.2,13.0
2019-10-19,21171657,9709.0,12,3.2,87,1014,68.0,17,12,14,0.0,4,4.1,15.0
2019-10-20,21187128,15471.0,12,9.2,62,1013,31.75,24,12,17,0.0,5,8.7,17.5
2019-10-21,21212516,25388.0,4,50.1,97,1022,81.125,13,13,13,0.0,3,3.9,13.0
2019-10-22,21214091,1575.0,4,1.3,88,1022,47.5,20,15,15,0.0,4,8.7,16.0
2019-10-23,21224519,10428.0,8,0.5,69,1018,30.75,18,11,16,0.0,5,7.1,15.5
2019-10-24,21237947,13428.0,5,27.8,88,1017,62.125,16,14,14,0.0,3,7.1,13.5
2019-10-25,21259152,21205.0,7,0.0,91,1023,53.125,16,11,11,0.0,3,8.7,12.0
2019-10-26,21272641,13489.0,4,0.0,66,1024,3.25,23,13,16,0.0,5,8.7,16.5
2019-10-27,21307795,35154.0,5,0.0,70,1023,9.75,22,13,16,0.0,5,8.7,16.0
2019-10-28,21335177,27382.0,3,1.2,86,1020,61.75,15,12,13,0.0,4,8.7,14.0
2019-10-29,21346296,11119.0,7,12.0,90,1018,77.625,15,14,13,0.0,3,3.8,13.5
2019-10-30,21375917,29621.0,6,0.0,85,1020,34.0,15,11,14,0.0,3,8.7,13.0
2019-10-31,21405600,29683.0,4,8.5,94,1020,73.0,14,11,11,0.0,4,3.8,12.0
2019-11-01,21409560,3960.0,8,7.8,91,1019,82.875,15,11,12,0.0,3,7.1,12.5
2019-11-02,21420350,10790.0,10,23.5,93,1010,80.375,13,11,8,0.0,3,3.8,11.5
2019-11-03,21426569,6219.0,12,75.3,96,998,94.625,11,10,7,0.0,2,3.8,10.5
2019-11-04,21431132,4563.0,9,33.7,97,1001,79.75,11,10,7,0.0,2,3.8,8.0
2019-11-05,21436344,5212.0,6,13.1,89,1002,82.125,10,8,8,0.0,2,3.7,8.0
2019-11-06,21455471,19127.0,6,15.4,98,1009,81.375,7,6,5,0.0,2,3.7,6.5
2019-11-07,21466072,10601.0,9,12.7,97,1008,56.375,5,4,1,0.0,2,3.7,3.0
2019-11-08,21467864,1792.0,3,1.8,89,1007,74.0,8,6,6,0.0,2,3.7,6.5
2019-11-09,21489475,21611.0,6,0.3,92,1013,60.125,6,3,2,0.0,2,3.7,4.0
2019-11-10,21507905,18430.0,8,0.5,89,1014,70.375,5,2,3,0.0,2,3.7,4.0
2019-11-11,21517222,9317.0,4,0.0,76,1016,26.25,8,3,4,0.0,3,8.7,5.0
2019-11-12,21530286,13064.0,10,1.0,85,1013,34.5,7,2,1,0.0,2,8.7,4.0
2019-11-13,21563744,33458.0,9,0.0,85,1008,38.375,5,1,1,0.0,2,8.7,3.0
2019-11-14,21588821,25077.0,5,20.7,90,1007,94.75,6,0,0,0.0,2,3.7,4.0
2019-11-15,21589829,1008.0,4,39.4,100,1004,86.25,4,4,2,15.8,1,3.6,2.5
2019-11-16,21594864,5035.0,6,0.8,96,1013,65.625,6,6,1,0.1,2,3.6,3.5
2019-11-17,21618410,23546.0,5,3.0,96,1011,62.125,3,2,0,2.5,2,3.6,0.0
2019-11-18,21621940,3530.0,6,0.6,94,1015,76.625,4,3,1,0.3,1,7.0,2.5
2019-11-19,21633754,11814.0,6,0.0,95,1017,78.25,4,3,1,0.0,1,3.6,2.0
2019-11-20,21639027,5273.0,4,0.0,91,1017,25.0,9,7,5,0.0,2,8.7,5.5
2019-11-21,21667324,28297.0,8,0.7,88,1012,52.625,8,6,4,0.0,3,7.0,5.5
2019-11-22,21680569,13245.0,9,1.4,86,1010,43.75,10,7,5,0.0,2,8.7,7.5
2019-11-23,21705217,24648.0,7,5.5,91,1001,73.25,9,7,6,0.0,2,3.6,7.0
2019-11-24,21707674,2457.0,7,0.4,97,1010,87.625,8,8,6,0.0,2,5.3,6.5
2019-11-25,21710795,3121.0,3,0.0,87,1012,32.625,12,9,8,0.0,2,8.7,8.5
2019-11-26,21719477,8682.0,5,0.0,88,1012,31.375,11,8,8,0.0,3,8.7,8.5
2019-11-27,21739420,19943.0,4,24.1,98,1007,80.625,9,8,8,0.0,3,3.4,8.0
2019-11-28,21751578,12158.0,9,17.6,96,1010,95.875,9,7,6,0.0,2,3.4,8.5
2019-11-29,21760321,8743.0,3,17.9,97,1019,93.25,8,7,7,0.0,2,3.4,7.5
2019-11-30,21768865,8544.0,3,0.7,87,1021,58.625,9,5,5,0.0,2,5.2,6.0
2019-12-01,21787921,19056.0,5,112.2,100,1018,99.25,6,6,0,0.0,1,3.4,4.0
2019-12-02,21788479,558.0,8,2.0,98,1021,99.875,5,5,1,0.0,1,3.4,5.0
2019-12-03,21790139,1660.0,5,0.0,90,1024,35.125,6,4,2,0.0,1,8.7,4.0
2019-12-04,21796502,6363.0,4,0.0,63,1024,18.125,10,2,6,0.0,1,6.9,6.5
2019-12-05,21815898,19396.0,3,0.0,63,1025,16.25,8,0,5,0.0,1,8.6,6.0
2019-12-06,21833970,18072.0,5,0.0,63,1025,7.625,9,0,6,0.0,1,8.5,6.5
2019-12-07,21861760,27790.0,5,0.0,76,1023,18.75,8,3,6,0.0,1,8.5,6.5
2019-12-08,21888823,27063.0,4,1.2,81,1023,18.25,10,5,6,0.0,1,8.5,7.0
2019-12-09,21915786,26963.0,4,47.4,99,1018,94.25,5,4,0,0.0,1,3.2,4.0
2019-12-10,21919586,3800.0,10,17.1,95,1026,64.125,2,2,-3,5.1,1,5.0,1.0
2019-12-11,21944549,24963.0,8,18.9,84,1022,67.0,8,3,3,0.0,1,3.2,5.5
2019-12-12,21946252,1703.0,4,14.5,94,1012,66.75,3,2,0,9.5,1,8.5,2.0
2019-12-13,21973046,26794.0,9,68.2,99,1000,98.125,5,5,1,2.3,1,3.2,4.0
2019-12-14,21980545,7499.0,7,20.5,100,1012,92.5,7,7,4,8.9,1,3.2,5.0
2019-12-15,21984560,4015.0,7,0.5,97,1015,31.125,8,7,4,0.0,1,8.5,6.5
2019-12-16,22008058,23498.0,10,0.0,69,1016,32.625,11,6,7,0.0,1,6.9,9.0
2019-12-17,22011510,3452.0,9,0.0,78,1015,25.125,11,7,7,0.0,1,8.5,9.0
2019-12-18,22029729,18219.0,6,0.2,85,1020,38.25,12,10,8,0.0,1,8.5,9.5
2019-12-19,22051884,22155.0,9,0.0,75,1020,19.875,12,7,6,0.0,1,6.9,9.0
2019-12-20,22072713,20829.0,14,61.5,97,1011,73.5,9,8,5,0.0,1,3.2,8.5
2019-12-21,22073436,723.0,6,9.5,96,999,73.375,8,6,6,0.0,1,5.0,6.5
2019-12-22,22092375,18939.0,6,32.8,96,1004,93.0,6,6,5,0.0,1,3.2,6.0
2019-12-23,22095831,3456.0,8,49.0,99,1023,97.625,4,4,1,0.0,1,3.2,4.0
2019-12-24,22099200,3369.0,5,21.9,98,1024,80.5,9,8,6,0.0,1,3.2,6.0
2019-12-25,22099970,770.0,9,0.0,87,1024,13.375,7,5,4,0.0,1,8.7,6.0
2019-12-26,22107005,7035.0,4,0.0,66,1028,36.5,8,3,5,0.0,1,6.9,5.5
2019-12-27,22118824,11819.0,7,25.7,99,1029,84.875,6,5,4,0.0,1,3.3,5.5
2019-12-28,22122718,3894.0,6,0.0,90,1033,34.875,5,3,2,0.0,1,8.7,4.0
2019-12-29,22126765,4047.0,4,0.0,79,1034,17.75,7,3,4,0.0,1,8.7,4.5
2019-12-30,22151262,24497.0,3,0.0,65,1034,4.0,9,2,5,0.0,1,8.7,6.0
2019-12-31,22177588,26326.0,4,0.0,63,1034,13.625,10,3,7,0.0,1,6.9,7.0
2020-01-01,22202595,25007.0,3,0.0,67,1032,0.375,11,5,7,0.0,1,8.7,8.0
2020-01-02,22222346,19751.0,5,0.0,68,1033,11.25,11,4,6,0.0,1,8.7,8.0
2020-01-03,22224798,2452.0,3,0.1,72,1031,50.375,9,4,6,0.0,1,6.9,7.0
2020-01-04,22233953,9155.0,13,0.4,89,1031,69.0,7,5,3,0.0,1,3.3,5.5
2020-01-05,22255601,21648.0,10,0.0,90,1032,48.0,4,3,-1,0.0,1,8.7,3.0
2020-01-06,22280674,25073.0,5,0.0,62,1032,0.125,12,4,6,0.0,1,8.7,8.0
2020-01-07,22308625,27951.0,10,0.0,75,1030,26.5,7,3,2,0.0,1,8.7,5.0
2020-01-08,22331342,22717.0,4,0.0,65,1031,8.5,10,2,5,0.0,1,8.7,6.5
2020-01-09,22357045,25703.0,9,0.0,58,1030,33.875,10,2,4,0.0,1,6.9,7.0
2020-01-10,22385964,28919.0,6,2.4,85,1028,68.875,7,5,4,0.0,1,3.4,5.5
2020-01-11,22400071,14107.0,5,0.0,90,1031,43.25,5,4,2,0.0,1,8.7,4.0
2020-01-12,22405994,5923.0,4,0.0,60,1031,24.375,9,1,6,0.0,1,8.7,6.0
2020-01-13,22435404,29410.0,5,0.0,56,1027,66.625,8,0,3,0.0,1,3.4,5.0
2020-01-14,22456396,20992.0,9,0.0,66,1023,17.125,8,2,1,0.0,1,8.7,5.0
2020-01-15,22485222,28826.0,9,0.0,75,1028,8.625,9,4,3,0.0,1,8.7,5.5
2020-01-16,22496124,10902.0,6,0.0,68,1030,7.5,10,3,4,0.0,1,8.7,6.0
2020-01-17,22525475,29351.0,7,40.3,94,1028,62.375,8,5,4,0.0,1,3.4,6.0
2020-01-18,22528131,2656.0,10,8.1,93,1029,52.375,4,3,0,0.0,1,8.7,3.5
2020-01-19,22547907,19776.0,9,0.4,84,1034,43.75,3,0,-2,0.3,1,5.2,0.5
2020-01-20,22558218,10311.0,6,0.0,59,1041,30.375,5,0,0,0.0,1,8.7,1.0
2020-01-21,22574085,15867.0,4,0.0,61,1041,30.125,6,0,2,0.0,1,6.9,3.0
2020-01-22,22589186,15101.0,4,0.0,64,1037,20.75,10,3,5,0.0,1,8.7,6.5
2020-01-23,22608470,19284.0,3,0.0,69,1030,21.0,11,5,6,0.0,1,8.7,7.0
2020-01-24,22623440,14970.0,3,0.8,77,1027,44.5,9,5,6,0.0,1,7.0,6.5
2020-01-25,22633306,9866.0,4,0.4,77,1025,56.875,10,5,5,0.0,1,7.0,7.0
2020-01-26,22651753,18447.0,4,8.0,95,1022,75.25,6,6,4,0.0,1,3.5,5.0
2020-01-27,22658243,6490.0,8,0.3,78,1022,70.875,9,4,3,0.0,1,3.5,5.5
2020-01-28,22666431,8188.0,11,14.8,91,1014,91.5,7,5,4,0.0,1,3.5,6.0
2020-01-29,22671793,5362.0,2,37.1,99,1022,92.75,4,4,3,0.0,1,3.5,3.5
2020-01-30,22680475,8682.0,6,9.8,81,1022,58.625,9,7,5,0.0,1,5.3,6.0
2020-01-31,22687105,6630.0,3,3.8,93,1020,71.875,11,10,10,0.0,1,3.7,9.5
2020-02-01,22717653,30548.0,9,3.3,93,1021,45.875,10,9,7,0.0,1,7.0,8.0
2020-02-02,22722679,5026.0,6,27.5,99,1023,79.625,10,10,7,0.0,1,3.7,8.0
2020-02-03,22723771,1092.0,5,0.6,77,1025,34.5,14,10,11,0.0,1,8.7,12.5
2020-02-04,22746827,23056.0,13,20.4,97,1025,85.125,9,5,-1,4.3,1,3.7,6.0
2020-02-05,22751665,4838.0,16,10.3,88,1030,66.375,5,2,-1,8.7,1,7.0,3.5
2020-02-06,22776442,24777.0,3,0.0,65,1030,45.125,7,0,4,0.0,1,7.0,4.0
2020-02-07,22805622,29180.0,5,0.0,60,1028,1.625,14,1,6,0.0,1,8.7,7.0
2020-02-08,22841415,35793.0,5,0.0,69,1028,35.0,14,2,5,0.0,1,8.7,7.0
2020-02-09,22877010,35595.0,10,0.0,69,1029,36.625,11,2,4,0.0,1,8.7,6.5
2020-02-10,22905058,28048.0,11,3.0,79,1025,76.5,12,7,8,0.0,1,3.8,10.0
2020-02-11,22923263,18205.0,6,18.2,97,1022,87.125,7,6,2,0.0,1,3.8,6.0
2020-02-12,22929725,6462.0,9,1.4,86,1026,45.0,5,1,1,0.1,1,10.6,3.5
2020-02-13,22960188,30463.0,14,8.3,90,1022,73.25,6,4,0,0.0,1,5.3,4.0
2020-02-14,22964089,3901.0,10,6.6,93,1026,64.625,8,4,3,0.0,1,6.9,6.0
2020-02-15,22993149,29060.0,6,0.0,62,1027,21.375,16,5,7,0.0,1,10.6,8.5
2020-02-16,23029286,36137.0,10,0.0,66,1028,20.5,15,6,8,0.0,1,10.7,10.0
2020-02-17,23059016,29730.0,12,7.2,94,1026,66.875,11,7,7,0.0,1,5.4,9.0
2020-02-18,23062964,3948.0,10,3.7,91,1030,58.875,7,5,2,0.0,1,10.7,4.5
2020-02-19,23104416,41452.0,8,7.5,96,1029,60.125,3,3,1,0.0,1,5.4,2.5
2020-02-20,23113314,8898.0,4,0.0,71,1027,13.875,14,6,6,0.0,1,10.8,6.5
2020-02-21,23153147,39833.0,10,0.2,89,1029,39.375,8,5,2,0.0,1,10.8,6.5
2020-02-22,23186782,33635.0,5,0.0,73,1033,8.125,16,7,8,0.0,1,10.9,9.0
2020-02-23,23226297,39515.0,8,0.0,68,1033,7.25,17,7,11,0.0,1,10.9,11.5
2020-02-24,23265078,38781.0,5,0.0,76,1029,1.125,17,10,11,0.0,1,10.9,11.0
2020-02-25,23304359,39281.0,5,9.3,94,1018,54.25,10,7,6,0.0,1,7.0,8.5
2020-02-26,23318537,14178.0,12,32.9,93,1016,93.125,5,4,-3,15.0,1,5.5,2.0
2020-02-27,23328377,9840.0,14,22.5,97,1019,81.75,4,4,0,7.6,1,5.5,2.0
2020-02-28,23331443,3066.0,6,4.6,75,1022,41.75,8,2,2,0.0,1,11.0,3.5
2020-02-29,23371059,39616.0,15,3.6,88,1017,58.75,8,5,3,0.0,1,8.6,6.5
2020-03-01,23378940,7881.0,12,17.9,85,1010,69.125,10,6,6,0.0,2,8.6,8.0
2020-03-02,23400685,21745.0,11,73.6,99,1006,95.75,6,5,2,0.0,2,5.6,5.5
2020-03-03,23402655,1970.0,8,11.9,93,1009,67.0,5,2,0,3.7,1,8.6,1.5
2020-03-04,23438501,35846.0,7,0.2,83,1016,61.25,8,2,1,0.1,3,10.1,4.0
2020-03-05,23463327,24826.0,11,29.0,95,1014,90.0,8,7,4,0.0,2,5.6,6.5
2020-03-06,23467813,4486.0,8,12.6,91,1008,73.25,6,5,2,1.1,1,5.6,4.0
2020-03-07,23488389,20576.0,11,1.3,90,1023,78.5,5,2,0,0.1,1,5.6,3.5
2020-03-08,23515201,26812.0,4,0.0,64,1024,23.125,12,1,5,0.0,3,11.3,6.0
2020-03-09,23558177,42976.0,11,15.0,91,1022,80.625,7,4,1,0.0,2,5.7,4.5
2020-03-10,23572823,14646.0,6,11.8,97,1023,81.0,8,7,5,0.0,2,5.9,4.5
2020-03-11,23581846,9023.0,8,0.0,89,1022,54.0,15,12,10,0.0,3,8.8,10.5
2020-03-12,23611845,29999.0,4,0.7,82,1022,40.875,17,11,13,0.0,4,8.8,13.0
2020-03-13,23638237,26392.0,9,18.3,92,1020,80.25,11,11,5,0.0,2,5.9,7.5
2020-03-14,23654376,16139.0,9,0.0,81,1021,26.125,10,4,5,0.0,3,11.6,6.5
2020-03-15,23701783,47407.0,11,0.0,74,1022,11.125,16,6,8,0.0,4,11.6,8.5
2020-03-16,23748497,46714.0,5,0.0,74,1026,15.0,17,7,10,0.0,4,11.6,10.5
2020-03-17,23795354,46857.0,6,0.0,76,1030,25.25,15,7,11,0.0,4,11.6,11.0
2020-03-18,23840502,45148.0,6,0.0,80,1030,22.25,16,10,12,0.0,4,11.6,12.0
2020-03-19,23885647,45145.0,4,8.5,79,1026,57.875,16,10,12,0.0,4,7.4,13.0
2020-03-20,23931776,46129.0,5,1.2,72,1023,51.625,12,7,8,0.0,4,7.4,11.0
2020-03-21,23977863,46087.0,6,0.7,78,1019,37.625,14,7,12,0.0,4,10.2,10.5
2020-03-22,24023253,45390.0,7,6.7,85,1019,72.375,14,9,11,0.0,4,7.5,11.5
2020-03-23,24063600,40347.0,8,1.3,80,1023,61.375,13,8,9,0.0,3,11.6,10.0
2020-03-24,24110778,47178.0,6,1.7,91,1024,69.625,6,3,3,0.0,1,7.5,4.0
2020-03-25,24157033,46255.0,6,4.1,73,1024,68.875,6,0,-1,0.5,1,6.1,3.5
2020-03-26,24193092,36059.0,9,1.8,70,1016,53.75,7,0,3,0.7,1,10.2,3.0
2020-03-27,24236872,43780.0,7,0.0,75,1016,26.125,12,4,6,0.0,3,11.6,7.0
2020-03-28,24272730,35858.0,8,0.1,85,1018,48.0,13,7,8,0.0,3,11.6,8.5
2020-03-29,24318685,45955.0,8,2.8,97,1016,88.125,8,7,3,0.0,2,6.4,7.0
2020-03-30,24344303,25618.0,9,1.0,89,1016,91.5,7,3,3,0.0,2,6.4,4.5
2020-03-31,24352514,8211.0,9,0.0,70,1020,19.0,9,2,5,0.0,3,11.6,5.0
